[{
  "_id": "CUC68bIwPS",
  "News_Contain": "[New] ระเบียบการเข้าใช้งานเว็บ",
  "_created_at": {
    "$date": "2020-11-25T09:49:31.106Z"
  },
  "_updated_at": {
    "$date": "2020-11-25T09:49:31.106Z"
  }
},{
  "_id": "w5NDOoqVyi",
  "News_Contain": "[UPDATE] ปิดปรับปรุงเว็บ Kmitl",
  "_created_at": {
    "$date": "2020-11-25T09:52:20.320Z"
  },
  "_updated_at": {
    "$date": "2020-11-25T09:52:20.320Z"
  }
},{
  "_id": "QDbjZ7vFEK",
  "News_Contain": "ประชาสัมพันธ์ฝ่ายอาคารสถานที่",
  "_created_at": {
    "$date": "2020-11-25T09:53:46.611Z"
  },
  "_updated_at": {
    "$date": "2020-11-25T09:53:46.611Z"
  }
},{
  "_id": "21CxZESzGU",
  "News_Contain": "[Hot] รายการเเจ้ง ของหาย",
  "_created_at": {
    "$date": "2020-11-25T09:55:13.341Z"
  },
  "_updated_at": {
    "$date": "2020-11-25T09:55:13.341Z"
  }
},{
  "_id": "wWik6xEuyS",
  "News_Contain": "เพิ่มสถานที่ใหม่แล้ว ",
  "_created_at": {
    "$date": "2020-11-26T07:27:30.835Z"
  },
  "_updated_at": {
    "$date": "2020-11-26T07:27:30.835Z"
  }
}]