[{
  "_id": "gAfByB6ByQ",
  "place_Name": "ลานหน้าหอประชุม คณะวิศวกรรมศาสตร์",
  "noti_Type": "แจ้งเรื่อง",
  "noti_Description": "อุปกรณ์เครื่องเสียงชำรุด ไม่สามารถใช้งานได้",
  "place_Id": "1HJBppue4A",
  "user_Name": "Chayanin",
  "status": "ยังไม่รับเรื่อง",
  "_created_at": {
    "$date": "2020-11-26T12:35:27.823Z"
  },
  "_updated_at": {
    "$date": "2020-11-26T12:35:27.823Z"
  }
},{
  "_id": "FpXAA2RYFd",
  "place_Name": "ลานกว้างหน้าอาคารเรียน อิเล็กทรอนิกส์ ตึก B",
  "noti_Type": "ลืมของ",
  "noti_Description": "Iphone4s สีขาว 32G กับ กระเป๋าเงิน",
  "place_Id": "6CtakJ6Nyo",
  "user_Name": "Chayanin",
  "status": "ยังไม่รับเรื่อง",
  "_created_at": {
    "$date": "2020-11-26T12:36:45.535Z"
  },
  "_updated_at": {
    "$date": "2020-11-26T12:36:45.535Z"
  }
},{
  "_id": "ibG4pJpFZZ",
  "place_Name": "สนาม CCA",
  "noti_Type": "ลืมของ",
  "noti_Description": "ลืมสมุดสีน้ำเงินไว้บนโต็ะ",
  "place_Id": "KNrx8tUKZV",
  "user_Name": "Thanatath",
  "status": "ยังไม่รับเรื่อง",
  "_created_at": {
    "$date": "2020-11-26T13:02:08.769Z"
  },
  "_updated_at": {
    "$date": "2020-11-26T13:02:08.769Z"
  }
}]