[{
  "_id": "cMexrxYuX3",
  "Time_booking": [
    11,
    12,
    13
  ],
  "Date_booking": {
    "$date": "2020-11-28T00:00:00Z"
  },
  "Name_booking": "nutthapoom",
  "Place_id": "UIyRfGEJ6w",
  "Place_name": "ลานโดมเห็ด (ข้างโรงอาหาร A)",
  "Place_contact": "064-627-5219",
  "Context_time": "ตั้งแต่ 11 โมงเช้า ถึง บ่ายโมง",
  "Context_date": "วันเสาร์ที่ 28 พฤศจิกายน ค.ศ. 2020",
  "Day_booking": "28",
  "Month_booking": "11",
  "_created_at": {
    "$date": "2020-11-26T11:53:58.609Z"
  },
  "_updated_at": {
    "$date": "2020-11-26T11:53:58.609Z"
  }
},{
  "_id": "vTuEWBGcdJ",
  "Time_booking": [
    16,
    17,
    18,
    19
  ],
  "Date_booking": {
    "$date": "2020-11-30T00:00:00Z"
  },
  "Name_booking": "nutthapoom",
  "Place_id": "KNrx8tUKZV",
  "Place_name": "สนาม CCA",
  "Place_contact": "064-627-5219",
  "Context_time": "ตั้งแต่ 4 โมงเย็น ถึง1 ทุ่ม",
  "Context_date": "วันจันทร์ที่ 30 พฤศจิกายน ค.ศ. 2020",
  "Day_booking": "30",
  "Month_booking": "11",
  "_created_at": {
    "$date": "2020-11-26T11:54:43.628Z"
  },
  "_updated_at": {
    "$date": "2020-11-26T11:54:43.628Z"
  }
},{
  "_id": "ZBryR0JZdX",
  "Time_booking": [
    13,
    14,
    15
  ],
  "Date_booking": {
    "$date": "2020-11-27T00:00:00Z"
  },
  "Name_booking": "Chayanin",
  "Place_id": "1HJBppue4A",
  "Place_name": "ลานหน้าหอประชุม คณะวิศวกรรมศาสตร์",
  "Place_contact": "064-627-5219",
  "Context_time": "ตั้งแต่  บ่ายโมง ถึงบ่าย 3 โมง",
  "Context_date": "วันศุกร์ที่ 27 พฤศจิกายน ค.ศ. 2020",
  "Day_booking": "27",
  "Month_booking": "11",
  "_created_at": {
    "$date": "2020-11-26T12:30:03.406Z"
  },
  "_updated_at": {
    "$date": "2020-11-26T12:30:03.406Z"
  }
},{
  "_id": "EEUFaNIIF5",
  "Time_booking": [
    13,
    14
  ],
  "Date_booking": {
    "$date": "2020-11-30T00:00:00Z"
  },
  "Name_booking": "Chayanin",
  "Place_id": "6CtakJ6Nyo",
  "Place_name": "ลานกว้างหน้าอาคารเรียน อิเล็กทรอนิกส์ ตึก B",
  "Place_contact": "064-627-5219",
  "Context_time": "ตั้งแต่  บ่ายโมง ถึงบ่าย 2 โมง",
  "Context_date": "วันจันทร์ที่ 30 พฤศจิกายน ค.ศ. 2020",
  "Day_booking": "30",
  "Month_booking": "11",
  "_created_at": {
    "$date": "2020-11-26T12:35:41.277Z"
  },
  "_updated_at": {
    "$date": "2020-11-26T12:35:41.277Z"
  }
},{
  "_id": "aBDNi56Yoq",
  "Time_booking": [
    9,
    10
  ],
  "Date_booking": {
    "$date": "2020-11-28T00:00:00Z"
  },
  "Name_booking": "Thanatath",
  "Place_id": "KNrx8tUKZV",
  "Place_name": "สนาม CCA",
  "Place_contact": "064-627-5219",
  "Context_time": "ตั้งแต่ 9 โมงเช้า ถึง10 โมงเช้า",
  "Context_date": "วันเสาร์ที่ 28 พฤศจิกายน ค.ศ. 2020",
  "Day_booking": "28",
  "Month_booking": "11",
  "_created_at": {
    "$date": "2020-11-26T13:01:53.162Z"
  },
  "_updated_at": {
    "$date": "2020-11-26T13:01:53.162Z"
  }
}]