[{
  "_id": "1HJBppue4A",
  "_created_at": {
    "$date": "2020-09-07T15:06:20.887Z"
  },
  "_updated_at": {
    "$date": "2020-11-08T18:53:53.079Z"
  },
  "Place_address": "ใกล้ตึกคณะวิศวกรรมสังคีต",
  "Place_detail": "ลานกว้างหน้าหอประชุมของคณะวิศวกรรมศาสตร์เป็นสถานที่รองรับการทำกิจกรรมกลางเเจ้ง เเละ รองรับคนได้จำนวณมาก เเละ มีที่จอดรถรองรับเพียงพอ ",
  "Place_phone": "064-627-5219",
  "Place_type": "ลานกว้าง",
  "Place_name": "ลานหน้าหอประชุม คณะวิศวกรรมศาสตร์",
  "Place_crash": [
    "ไม่มีอุปกรณ์ที่ชำรุด"
  ],
  "Place_max": 300,
  "Place_devices": [
    "ไม่มีอุปกรณ์ภายในสถานที่นี้"
  ],
  "img": "ed31308e73bd5afc7b3ca99a8fc62ff2_KMITL1.jpg",
  "img_2": "e5028c0e24e1e4ff2b68761f7ace14c1_KMITL1.png",
  "img_3": "b6cc495b14279a4b7344d8c577770eea_KMITL2.png"
},{
  "_id": "6CtakJ6Nyo",
  "_created_at": {
    "$date": "2020-09-08T19:58:18.088Z"
  },
  "_updated_at": {
    "$date": "2020-10-23T06:29:32.493Z"
  },
  "Place_address": "ตรงข้ามกับโรงอาหารเอ",
  "Place_detail": "ลานกว้างหน้าอาคารเรียน ตึก B เป็นลานกว้างแบบมีขั้นบันไดเป็นขั้นๆ เหมาะสมสำหรับกิจกรรมกลางเเจ้ง รองรับคนได้จำนวณหนึ่ง สำหรับกิจกรรมที่ไม่ใหญ่มาก สามารใช้พื้นที่ด้านบนเป็นเวทีได้",
  "Place_phone": "064-627-5219",
  "Place_type": "ลานกว้าง",
  "Place_name": "ลานกว้างหน้าอาคารเรียน อิเล็กทรอนิกส์ ตึก B",
  "Place_devices": [
    "ไม่มีอุปกรณ์ภายในสถานที่นี้"
  ],
  "Place_crash": [
    "ไม่มีอุปกรณ์ที่ชำรุด"
  ],
  "img": "df844d15a1db85d57318215ef231fc3b_LANB.png",
  "Place_max": 100,
  "img_2": "d7fc9ba2c03cc4f0a781ae276580f346_LANB2.png",
  "img_3": "c579ab9c5ce2349c9db51708a6d8d428_LANB1.png"
},{
  "_id": "UIyRfGEJ6w",
  "_created_at": {
    "$date": "2020-09-09T12:21:55.402Z"
  },
  "_updated_at": {
    "$date": "2020-10-23T06:29:35.895Z"
  },
  "Place_name": "ลานโดมเห็ด (ข้างโรงอาหาร A)",
  "Place_address": "อยู่ระหว่าง ตึกอธิการบดี และ โรงอาหารเอ",
  "Place_detail": "ลานโดมเห็นข้างโรงอาหาร A เป็นสถานที่เอาไว้ทำกิจกรรมในร่ม สำหรับกลุ่มเล็กๆ ควบคุมง่าย มีร่มขนาดใหญ่ไว้เป็นที่กันฝนตก หรือ เเสงเเดด",
  "Place_phone": "064-627-5219",
  "Place_type": "ลานกว้าง",
  "Place_devices": [
    "ไฟสปอตไลท์",
    "โต๊ะพร้อมเก้าอี้",
    "ปลั๊กไฟ"
  ],
  "img": "17d9a58b7fabd366356a153ed5df7722_Mushroomdome.png",
  "Place_max": 100,
  "Place_crash": [
    "ไม่มีอุปกรณ์ที่ชำรุด"
  ],
  "img_2": "2ab16f1dd5447afcedbe7b8cfa7f76f9_Mushroomdome1.png",
  "img_3": "53778a2e8c8bb002271a7897f6940003_Mushroomdome2.png"
},{
  "_id": "tEvWBD6QA1",
  "_created_at": {
    "$date": "2020-09-09T12:30:36.895Z"
  },
  "_updated_at": {
    "$date": "2020-10-23T06:29:43.401Z"
  },
  "Place_address": "อยู่ตรงข้ามกับโรงเจ หรือ ข้างสโมสรนักศึกษาวิศวกรรมศาสคร์หลักสูตรปกติ",
  "Place_detail": "สนามบาสสำหรับเล่น บาสเกตบอล หรือ ฟุตบอล เเละสามารถทำกิจกรรมต่างๆได้ เป็นสถานที่กลางเเจ้ง",
  "Place_phone": "064-627-5219",
  "Place_type": "ลานกว้าง",
  "Place_devices": [
    "อัฒจรรย์กลางแจ้ง",
    "โกล์ฟุตบอล"
  ],
  "img": "9187bbd974b76c7d508074385f26ea71_poyaiaudom.png",
  "Place_max": 200,
  "Place_crash": [
    "เก้าอี้ที่อยู่ด้านข้าง"
  ],
  "Place_name": "สนามโภไคยอุดม",
  "img_2": "235c3bff21e261a70cb21db943ac96b6_poyaiaudom1.png",
  "img_3": "370b60ad77a46dac04f610dfa847ad2e_poyaiaudom2.png"
},{
  "_id": "KNrx8tUKZV",
  "Place_devices": [
    "อัฒจรรย์กลางแจ้ง",
    "โกล์ฟุตบอล"
  ],
  "img_3": "ea4f4c36e21851868fa4358568aa9683_CAA2.png",
  "Place_name": "สนาม CCA",
  "img": "189aa1f5709bcf9e417491737988f2fa_CAA.png",
  "img_2": "149aa5df9188d9421124caae72488d66_CAA1.png",
  "Place_max": 200,
  "Place_type": "ลานกว้าง",
  "Place_detail": "สนามบาสสำหรับเล่น บาสเกตบอล หรือ ฟุตบอล เเละสามารถทำกิจกรรมต่างๆได้ เป็นสถานที่กลางเเจ้ง",
  "_created_at": {
    "$date": "2020-10-22T19:24:24.351Z"
  },
  "_updated_at": {
    "$date": "2020-10-23T06:29:34.517Z"
  },
  "Place_crash": [
    "เก้าอี้ที่อยู่ด้านข้าง"
  ],
  "Place_phone": "064-627-5219",
  "Place_address": "อยู่ใกล้กับโรงอาหารซี และ อาคารเรียน 12 ชั้น"
},{
  "_id": "kLDMywzRMM",
  "Place_name": "โรงอาหาร A",
  "Place_max": 200,
  "_created_at": {
    "$date": "2020-10-22T19:37:07.710Z"
  },
  "_updated_at": {
    "$date": "2020-10-23T06:29:37.783Z"
  },
  "img": "33c005fbd115107a984413c52ec3c03d_A.png",
  "img_2": "54297bfcd511b9d1dc556d884d10e74f_A1.png",
  "img_3": "2a2d09dcdcf829949993f1245b6a8ebb_A2.png",
  "Place_devices": [
    "โต๊ะพร้อมเก้าอี้",
    "ปลั๊กไฟ",
    "จอภาพ"
  ],
  "Place_type": "อาคาร",
  "Place_crash": [
    "โต๊ะพร้อมเก้าอี้บางชุดเสียหายที่รอการซ่อมเเซมอยู่"
  ],
  "Place_phone": "064-627-5219",
  "Place_address": "อยู่ตรงข้ามตึก B ",
  "Place_detail": "โรงอาหารเอเป็นสถานที่มีร้านค้ามากมาย พร้อมกับเป็นที่สำหรับประกอบกิจกรรมได้ มีโต๊ะพร้อมเก้าอี้ เเละ ปลั๊กไฟ จอภาพLCD"
},{
  "_id": "sUumGTcYIz",
  "Place_max": 200,
  "_created_at": {
    "$date": "2020-10-22T20:07:33.952Z"
  },
  "_updated_at": {
    "$date": "2020-11-08T18:53:50.095Z"
  },
  "Place_type": "อาคาร",
  "Place_address": "ตรงข้าม สนามโภไคยอุดม",
  "Place_phone": "064-627-5219",
  "Place_name": "โรงอาหาร J",
  "img": "ab2e55e761cc42cf568bf01ce1bd94f7_J.png",
  "img_2": "9224792d1cf2d2901adab3b2a543cd83_J1.png",
  "img_3": "78905dd5d246bd6cc4d7447990cf4324_J2.png",
  "Place_detail": "โรงอาหารเอเป็นสถานที่มีร้านค้ามากมาย พร้อมกับเป็นที่สำหรับประกอบกิจกรรมได้ มีโต๊ะพร้อมเก้าอี้ เเละ ปลั๊กไฟ และมีที่จอดรถรองรับเพียงพอ",
  "Place_crash": [
    "โต๊ะพร้อมเก้าอี้บางชุดเสียหายที่รอการซ่อมเเซมอยู่"
  ],
  "Place_devices": [
    "โต๊ะพร้อมเก้าอี้",
    "ปลั๊กไฟ"
  ]
},{
  "_id": "qDe5QnRGah",
  "Place_max": 200,
  "_created_at": {
    "$date": "2020-10-22T20:21:40.720Z"
  },
  "_updated_at": {
    "$date": "2020-11-17T22:19:19.297Z"
  },
  "Place_name": "โรงอาหาร C",
  "img": "7d90f792b239506c805919ad2da57a09_C.png",
  "Place_type": "อาคาร",
  "Place_crash": [
    "โต๊ะพร้อมเก้าอี้บางชุดเสียหายที่รอการซ่อมเเซมอยู่"
  ],
  "Place_phone": "064-627-5219",
  "Place_address": "อยู่ตรงข้าม อาคารเรียน 12 ชั้น",
  "Place_devices": [
    "โต๊ะพร้อมเก้าอี้",
    "ปลั๊กไฟ"
  ],
  "Place_detail": "โรงอาหารเอเป็นสถานที่มีร้านค้ามากมาย ทั้ง 2 ชั้น พร้อมกับเป็นที่สำหรับประกอบกิจกรรมได้ มีโต๊ะพร้อมเก้าอี้ เเละ ปลั๊กไฟ และมีที่จอดรถรองรับเพียงพอ",
  "img_2": "765a52d9bb1de990fb276a43eeebb2f5_C1.png",
  "img_3": "8ecbf67ba15ea68976e65dc5a0580b63_C4.png"
},{
  "_id": "gHlb2u6GVD",
  "Place_max": 200,
  "_created_at": {
    "$date": "2020-10-22T20:38:23.467Z"
  },
  "_updated_at": {
    "$date": "2020-11-08T18:53:46.658Z"
  },
  "Place_name": "ห้องรวมใจ (ใต้ตึก B )",
  "img": "e78ea628c7b86276dd465b03a6eefab4_RUMJAI.png",
  "img_2": "39da5834acbe786dae2efde5a20f4b7d_RUMJAI1.png",
  "img_3": "0f2f0688e57ad387397acff3d4a666f0_RUMJAI3.png",
  "Place_type": "ห้อง",
  "Place_crash": [
    "พัดลมบางตัวไม่สามาเปิดได้"
  ],
  "Place_phone": "064-627-5219",
  "Place_address": "อยู่ใต้ตึก B ตรงข้ามห้อง ชาวนนท์",
  "Place_devices": [
    "พัดลม",
    "เครื่องปรับอากาศ",
    "เก้าอี้",
    "ไวท์บอร์ด"
  ],
  "Place_detail": "ห้องรวมใจ เป็นห้องที่อยู่ใต้ตึก B เป็นห้องที่ใช้รวมทำกิจกรรมได้ เเต่ต้องระวังเรื่องความสูงของเเต่ละบุคคลเพราะมีควาวมสูงของห้องที่ไม่มาก "
},{
  "_id": "sMjHF4Fp7g",
  "Place_max": 50,
  "_created_at": {
    "$date": "2020-10-22T20:51:07.972Z"
  },
  "_updated_at": {
    "$date": "2020-10-23T06:31:03.846Z"
  },
  "Place_type": "ห้อง",
  "Place_crash": [
    "ไม่มีอุปกรณ์ที่ชำรุด"
  ],
  "Place_phone": "064-627-5219",
  "Place_address": "อยู่ใต้ตึก B ตรงข้ามห้อง เทคโนบันเทิง",
  "Place_name": "ห้องลาดกระบังสัมพันธ์ (ใต้ตึก B )",
  "img": "f94630409dcc5cc721a42ffffda00914_BANGSOME.png",
  "Place_detail": "ห้องลาดกระบังสัมพันธ์ เป็นห้องที่อยู่ใต้ตึก B เป็นห้องที่ใช้รวมทำกิจกรรมได้ เป็นห้องขนาดเล็ก เหมาะสำหรับกิจกรรมเล็กๆ หรือ จัดประชุมรัดมความคิด",
  "img_2": "fa541cc6656bcf9f0934bc4066f9878a_BANGSOME1.png",
  "img_3": "8c5a384bed32b952919a8cc36ecd2d3e_BANGSOME2png.png",
  "Place_devices": [
    "พัดลม",
    "เก้าอี้",
    "ไวท์บอร์ด"
  ]
},{
  "_id": "LVSwyAQS7p",
  "Place_max": 50,
  "_created_at": {
    "$date": "2020-10-23T06:19:47.636Z"
  },
  "_updated_at": {
    "$date": "2020-10-23T06:46:31.662Z"
  },
  "Place_name": "ห้องเทคโนบันเทิง (ใต้ตึก B )",
  "img": "cbd1b4a0613331a2d4cd204dd54c5d30_buntrun.png",
  "img_2": "b41fb56be757ec4b239cb7e40781c56d_buntrun1.png",
  "img_3": "da4719498ab75c1eebc6c8d2450886e7_buntrun2.png",
  "Place_devices": [
    "พัดลม",
    "เครื่องปรับอากาศ",
    "เก้าอี้",
    "ไวท์บอร์ด"
  ],
  "Place_type": "ห้อง",
  "Place_crash": [
    "ไม่มีอุปกรณ์ที่ชำรุด"
  ],
  "Place_phone": "064-627-5219",
  "Place_address": "อยู่ใต้ตึก B ตรงข้ามห้อง ลาดกระบังสัมพันธ์",
  "Place_detail": "ห้องเทคโนบันเทิง เป็นห้องที่อยู่ใต้ตึก B เป็นห้องที่ใช้รวมทำกิจกรรมได้ เป็นห้องขนาดกลาง เหมาะสำหรับกิจกรรมเล็กๆ หรือ จัดประชุมรัดมความคิด มีเครื่องปรับอากาศให้"
},{
  "_id": "cW8z2EuFcE",
  "Place_max": 200,
  "_created_at": {
    "$date": "2020-10-23T06:34:13.349Z"
  },
  "_updated_at": {
    "$date": "2020-10-23T06:59:49.640Z"
  },
  "Place_name": "ห้องเรียน สโลป 1",
  "img": "a98e8aa12a084224b9125a100cd7bfb0_slove.png",
  "img_2": "14d4ff409d512e643b01089c1fb17678_slove1.png",
  "img_3": "4a8725e557d0680e7b5b5da2a0390b91_slove2.png",
  "Place_devices": [
    "พัดลม",
    "เครื่องปรับอากาศ",
    "โต๊ะพร้อมเก้าอี้",
    "โปรเจคเตอร์",
    "คอมพิวเตอร์",
    "เครื่องฉายภาพสามมิติ"
  ],
  "Place_type": "ห้อง",
  "Place_crash": [
    "โต๊ะพร้อมเก้าอี้บางชุดเสียหายที่รอการซ่อมเเซมอยู่"
  ],
  "Place_phone": "064-627-5219",
  "Place_address": "ห้องอยู่ใน อาคารเรียนรวม 12 ชั้น ตรงข้ามโรง C",
  "Place_detail": "ห้องเรียนสโลป เป็นห้องเรียนที่มีที่นั้งเป็นชั้นขั้นบันไดไล่ขึ้นไปเรื่อยๆ มีโปรเจคเตอร์ให้บริการ และ โต๊ะพร้อมเก้าอี้ รองรับคนได้จำนวนมากถึง 200 คน เหมาะเเก่การจัดกิจกรรมที่มีการรวมกลุ่มขนาดใหญ่"
},{
  "_id": "fY4TNuU2hB",
  "Place_max": 200,
  "_created_at": {
    "$date": "2020-10-23T06:48:38.091Z"
  },
  "_updated_at": {
    "$date": "2020-10-23T06:59:44.292Z"
  },
  "Place_name": "ห้องเรียน สโลป 2",
  "img": "0278e54440b3fb2dc76d20a040ee9095_slove.png",
  "img_2": "75d600b8738eec2ed6dc7be2e693bbf4_slove1.png",
  "img_3": "0ebd3c23b44e3f69d15ab3b083058c04_slove2.png",
  "Place_type": "ห้อง",
  "Place_crash": [
    "โต๊ะพร้อมเก้าอี้บางชุดเสียหายที่รอการซ่อมเเซมอยู่"
  ],
  "Place_phone": "064-627-5219",
  "Place_address": "ห้องอยู่ใน อาคารเรียนรวม 12 ชั้น ตรงข้ามโรง C ",
  "Place_devices": [
    "พัดลม",
    "เครื่องปรับอากาศ",
    "โต๊ะพร้อมเก้าอี้",
    "โปรเจคเตอร์",
    "คอมพิวเตอร์",
    "เครื่องฉายภาพสามมิติ"
  ],
  "Place_detail": "ห้องเรียนสโลป เป็นห้องเรียนที่มีที่นั้งเป็นชั้นขั้นบันไดไล่ขึ้นไปเรื่อยๆ มีโปรเจคเตอร์ให้บริการ และ โต๊ะพร้อมเก้าอี้ รองรับคนได้จำนวนมากถึง 200 คน เหมาะเเก่การจัดกิจกรรมที่มีการรวมกลุ่มขนาดใหญ่"
},{
  "_id": "cBQuXFalUP",
  "Place_max": 200,
  "_created_at": {
    "$date": "2020-10-23T06:58:14.805Z"
  },
  "_updated_at": {
    "$date": "2020-10-23T07:04:41.340Z"
  },
  "Place_detail": "ห้องเรียนสโลป เป็นห้องเรียนที่มีที่นั้งเป็นชั้นขั้นบันไดไล่ขึ้นไปเรื่อยๆ มีโปรเจคเตอร์ให้บริการ และ โต๊ะพร้อมเก้าอี้ รองรับคนได้จำนวนมากถึง 200 คน เหมาะเเก่การจัดกิจกรรมที่มีการรวมกลุ่มขนาดใหญ่",
  "Place_name": "ห้องเรียน สโลป 3",
  "img": "7d580ce18d2b65b44a639287926dbc57_slove11.png",
  "img_2": "2e75e86bef1273d6f610a3c708f871fe_slove22.png",
  "img_3": "79bffc716406418ea2a41acbfb1706c0_slove33.png",
  "Place_devices": [
    "พัดลม",
    "เครื่องปรับอากาศ",
    "โต๊ะพร้อมเก้าอี้",
    "โปรเจคเตอร์",
    "คอมพิวเตอร์",
    "เครื่องฉายภาพสามมิติ"
  ],
  "Place_type": "ห้อง",
  "Place_crash": [
    "โต๊ะพร้อมเก้าอี้บางชุดเสียหายที่รอการซ่อมเเซมอยู่"
  ],
  "Place_phone": "064-627-5219",
  "Place_address": "ห้องอยู่ใน อาคารเรียนรวม 12 ชั้น ตรงข้ามโรง C "
},{
  "_id": "09n7xc3CSY",
  "Place_max": 200,
  "_created_at": {
    "$date": "2020-10-23T07:03:50.131Z"
  },
  "_updated_at": {
    "$date": "2020-10-23T07:06:58.912Z"
  },
  "Place_name": "ห้องเรียน สโลป 4",
  "img": "0707904f1b1cd26a15ec766085eef65b_slove33.png",
  "img_2": "b340a787680d4f612e6b60cd2bbe0ac0_slove22.png",
  "img_3": "4b4f5edc8903aa62ec0b2a26073d4cdb_slove11.png",
  "Place_detail": "ห้องเรียนสโลป เป็นห้องเรียนที่มีที่นั้งเป็นชั้นขั้นบันไดไล่ขึ้นไปเรื่อยๆ มีโปรเจคเตอร์ให้บริการ และ โต๊ะพร้อมเก้าอี้ รองรับคนได้จำนวนมากถึง 200 คน เหมาะเเก่การจัดกิจกรรมที่มีการรวมกลุ่มขนาดใหญ่",
  "Place_devices": [
    "พัดลม",
    "เครื่องปรับอากาศ",
    "โต๊ะพร้อมเก้าอี้",
    "โปรเจคเตอร์",
    "คอมพิวเตอร์",
    "เครื่องฉายภาพสามมิติ"
  ],
  "Place_type": "ห้อง",
  "Place_crash": [
    "โต๊ะพร้อมเก้าอี้บางชุดเสียหายที่รอการซ่อมเเซมอยู่"
  ],
  "Place_phone": "064-627-5219",
  "Place_address": "ห้องอยู่ใน อาคารเรียนรวม 12 ชั้น ตรงข้ามโรง C "
}]