[{
  "_id": "_User",
  "objectId": "string",
  "updatedAt": "date",
  "createdAt": "date",
  "username": "string",
  "email": "string",
  "emailVerified": "boolean",
  "authData": "object",
  "_metadata": {
    "indexes": {
      "_id_": {
        "_id": 1
      },
      "username_1": {
        "username": 1
      },
      "email_1": {
        "email": 1
      },
      "case_insensitive_username": {
        "username": 1
      },
      "case_insensitive_email": {
        "email": 1
      }
    },
    "fields_options": {
      "phone": {
        "required": false
      },
      "type": {
        "required": false
      },
      "year": {
        "required": false
      },
      "bdate": {
        "required": false
      }
    }
  },
  "phone": "string",
  "type": "string",
  "year": "string",
  "bdate": "string"
},{
  "_id": "_Role",
  "objectId": "string",
  "updatedAt": "date",
  "createdAt": "date",
  "_metadata": {
    "indexes": {
      "_id_": {
        "_id": 1
      }
    }
  }
},{
  "_id": "PlanBooking",
  "objectId": "string",
  "updatedAt": "date",
  "createdAt": "date",
  "_metadata": {
    "fields_options": {},
    "indexes": {
      "_id_": {
        "_id": 1
      }
    }
  }
},{
  "_id": "Place",
  "objectId": "string",
  "updatedAt": "date",
  "createdAt": "date",
  "_metadata": {
    "fields_options": {},
    "indexes": {
      "_id_": {
        "_id": 1
      }
    }
  }
},{
  "_id": "_Session",
  "objectId": "string",
  "updatedAt": "date",
  "createdAt": "date",
  "_metadata": {
    "indexes": {
      "_id_": {
        "_id": 1
      }
    }
  }
},{
  "_id": "News",
  "objectId": "string",
  "updatedAt": "date",
  "createdAt": "date",
  "_metadata": {
    "fields_options": {},
    "indexes": {
      "_id_": {
        "_id": 1
      }
    }
  }
},{
  "_id": "Admin",
  "objectId": "string",
  "updatedAt": "date",
  "createdAt": "date",
  "_metadata": {
    "fields_options": {},
    "indexes": {
      "_id_": {
        "_id": 1
      }
    }
  }
},{
  "_id": "Noti",
  "objectId": "string",
  "updatedAt": "date",
  "createdAt": "date",
  "_metadata": {
    "fields_options": {},
    "indexes": {
      "_id_": {
        "_id": 1
      }
    }
  }
}]