[{
  "_id": "YNuDFVDGt3",
  "username": "Thanatath",
  "phone": "0962810528",
  "type": "ต่อเนื่อง",
  "year": "2",
  "bdate": "1999-01-06",
  "email": "62015048@kmitl.ac.th",
  "_hashed_password": "$2b$10$ocpX47dbWdHqwQttcIS2RemjcevtN9RJOk/pWFMfFK4fhl2aUlwbK",
  "_wperm": [
    "YNuDFVDGt3"
  ],
  "_rperm": [
    "*",
    "YNuDFVDGt3"
  ],
  "_acl": {
    "YNuDFVDGt3": {
      "w": true,
      "r": true
    },
    "*": {
      "r": true
    }
  },
  "_created_at": {
    "$date": "2020-11-26T11:43:21.632Z"
  },
  "_updated_at": {
    "$date": "2020-11-26T11:43:21.632Z"
  }
},{
  "_id": "ZpOELfg3aN",
  "username": "Chayanin",
  "phone": "0656144649",
  "type": "ต่อเนื่อง",
  "year": "2",
  "bdate": "1998-09-13",
  "email": "62015021@kmitl.ac.th",
  "_hashed_password": "$2b$10$K8SLuunGm8AqBQdjVJB21OPhNEgHauZzuxDFJfxCdYfHh79WJDowy",
  "_wperm": [
    "ZpOELfg3aN"
  ],
  "_rperm": [
    "*",
    "ZpOELfg3aN"
  ],
  "_acl": {
    "*": {
      "r": true
    }
  },
  "_created_at": {
    "$date": "2020-11-26T11:44:27.425Z"
  },
  "_updated_at": {
    "$date": "2020-11-26T11:44:27.425Z"
  }
},{
  "_id": "rsnDXAP5YU",
  "username": "Kittisak ",
  "phone": "0981531763",
  "type": "ต่อเนื่อง",
  "year": "2",
  "bdate": "1998-10-06",
  "email": "62015010@kmitl.ac.th",
  "_hashed_password": "$2b$10$G/GFnJcC7alIY4Yg7Bi4Du/W3i1ih8ZbDkpcDQI9tOfQxciTVVvfC",
  "_wperm": [
    "rsnDXAP5YU"
  ],
  "_rperm": [
    "*",
    "rsnDXAP5YU"
  ],
  "_acl": {
    "*": {
      "r": true
    }
  },
  "_created_at": {
    "$date": "2020-11-26T11:44:34.907Z"
  },
  "_updated_at": {
    "$date": "2020-11-26T11:44:34.907Z"
  }
},{
  "_id": "gmEjHNfXen",
  "username": "nutthapoom",
  "phone": "0857205333",
  "type": "ต่อเนื่อง",
  "year": "2",
  "bdate": "1998-10-13",
  "email": "62015038@kmitl.ac.th",
  "_hashed_password": "$2b$10$nE4V0eTuYvevjDkO9kH/C.zhysHPwc2joF9mxcjqI1nXCHgXp2qz2",
  "_wperm": [
    "gmEjHNfXen"
  ],
  "_rperm": [
    "*",
    "gmEjHNfXen"
  ],
  "_acl": {
    "*": {
      "r": true
    }
  },
  "_created_at": {
    "$date": "2020-11-26T11:53:39.081Z"
  },
  "_updated_at": {
    "$date": "2020-11-26T11:53:39.081Z"
  }
}]